"0.ogg","Na, zúgjon a kurva verkli, indul a meló."
"1.ogg","Mi a faszt tököl ez a hálózat? Gyerünk már, geci!"
"2.ogg","A kurva net nem megy! Valami el van baszva a jelszóval. Ellenőrizd, aztán próbáld megint te szerencsétlen!"
"3.ogg","Szar a szerver, vagy mi a picsa van?! Nézd meg a hálózatod, te szerencsétlen, aztán próbálkozz újra!"
"4.ogg","Na, ki a faszom lépett ki ebből a hálózati szarakodásból? Ja, én."
"5.ogg","Végre van net, a kurva életbe! Működik ez a szar."
"6.ogg","Lófasz van, nem kapcsolat! Próbáld újra, de minek..."
"7.ogg","Na, kezdjük zabálni a koszt, a picsába!"
"8.ogg","Csak itt helyben felnyalom ezt a szart, aztán húzok a faszba."
"9.ogg","Jóvanmáá, ütemezett takarítás indul. Már megint csak a meló, a picsába."
"10.ogg","Folytatom ezt a telibebaszott trágya gánya melót."
"11.ogg","Pofa be, pihi van! Fasza."
"12.ogg","Kész a meló, végre vége van ennek is, jöhet a lazítás!"
"13.ogg","Húzok a picsába tölteni, mindjárt lemerülök, hát szétver az ideg."
"14.ogg","Majdnem megdöglöttem! Visszacsorgok a konnektorhoz. Feltöltök, aztán folytatom felvakarni a mocskodat."
"15.ogg","Megyek vissza a startra, mert eltévedtem, mint vasorrú bába a mágneses viharban."
"16.ogg","Le vagyok merülve, mint állat! Visszamegyek arra a telibebaszott állomásra. Töltsél már fel, te fasz!"
"17.ogg","Dugjál már rá a töltőre, mert mindjárt kipurcanok!"
"18.ogg","Töltök, ne magyarázzá te szar!"
"19.ogg","Vegyél le a picsába a töltőről, mielőtt kikapcsolsz, te barom! Mondd, normális vagy?"
"20.ogg","Merülök, mint a Titanic, basszameg!"
"21.ogg","Anyádat! Le fogok merülni! Ki fogok kapcsolni, aztán sírhatsz te kis kurvapecér!"
"22.ogg","Tegyél már oda, ahol kosz van, ne itt szarakodjál velem!"
"23.ogg","Benne a víztartály, vagy mi a szar. Most mehet a suvickolás éjjel nappal."
"24.ogg","Ellenőrizd már, hogy jól raktad-e be azt a kurva víztartályt, mert szétbaszom a fejedet!"
"25.ogg","Le vagyok merülve, mint a picsa. Lófaszt fogok ütemezetten takarítani, anyád picsáját."
"26.ogg","Na, vissza a gyári faszságokra. Kezdhetjük elölről a szarakodást."
"27.ogg","Frissítés, a kurva anyját! Úgy öt perc, ne baszogass, ne indíts semmit, mert szétcsaplak!"
"28.ogg","Kész a frissítés, végre. Most mi a fasz jön? Megint takaríthatok mi? Te szar."
"29.ogg","Elbaszódott a frissítés. Próbáld újra, ha van kedved szarakodni."
"30.ogg","Keresem, hol a picsában vagyok. Várjál már, geci! HÁT NE IDEGESÍTSÉL!"
"31.ogg","Lófaszt se tudom, hol vagyok. Szar a térkép. Kezdek egy újabb kört, bassza meg."
"32.ogg","Mi a fasz változott itt meg? Nyomd meg a gombot, aztán kezdjük újra ezt a szart."
"33.ogg","Megbaszódott a kamera, hát nem látok semmit. Töröld már le, te gyökér, aztán indíts újra!"
"34.ogg","Hol a portartály, te szerencsétlen?! Rakd már be, mert nem csinálok semmit!"
"35.ogg","Beakadt a nagykefe, a retek vigye el! Szedd ki belőle a dzsuvát, geci!"
"36.ogg","Az oldalkefe szarakodik. Nézd meg, mi a fasz van vele, takarítsd ki!"
"37.ogg","Beszart a jobb kerék. Piszkáld meg, tisztítsd ki, csinálj vele valamit!"
"38.ogg","Most meg a bal kerékkel van baj. Ellenőrizd, takarítsd, a kurva anyját!"
"39.ogg","Takarítsd már le ezt a szintérzékelő szart, mert mindjárt leesek!"
"40.ogg","Itt ragadtam, mint szar a palánkon! Rakjál már arrébb, te fasz!"
"41.ogg","A levegőben lóg a kerekem, mint egy fasz! Tegyél már le a földre, te idióta!"
"42.ogg","Koszos a szűrő, mint a picsa. Nézd meg, takarítsd ki!"
"43.ogg","Nem ugrik vissza az ütközőm! Paskold már meg finoman, hátha észhez tér ez a szar!"
"44.ogg","Valami gebasz van. Lófaszt se tudok csinálni. Nézd meg a kibaszott kézikönyvet, vagy hívd a picsába azt a szervizt!"
"45.ogg","Itt vagyok, te vak vagy?! Hát magadtól még megtalálni sem tudsz te szerencsétlen?"
"46.ogg","Csatlakoztam a telefonodhoz, te nyomorult. Menj vissza az appba, aztán várj, mint egy hülye."
"47.ogg","Na, kezdek töltődni. Kuss legyen."
"48.ogg","Merülök, mint a szar. Húzok a dokkolóra."
"49.ogg","Valami kibaszott mágneses szar van itt! Vigyél innen a picsába, aztán indíts újra!"
"50.ogg","Nem töltök, baszódjon meg! Töröld le az érintkezőket, te lusta szar!"
"51.ogg","Kurva meleg van, vagy hideg, a faszom se tudja. Várjál, míg normális leszek, aztán baszakodhatsz tovább."
"52.ogg","Felborultam, mint egy részeg fasz! Rakjál már vízszintbe, te!"
"53.ogg","Tiltott zóna, a picsába! Vigyél innen, aztán indíts újra!"
"54.ogg","Na, tudom hol a faszban vagyok. Folytatom a mocskod takarítását te szar."
"55.ogg","Na, tudom hol vagyok. Húzok vissza a dokkolóba."
"56.ogg","Na, takarítsuk ki azt a szobát, amit kiválasztottál, te nagyeszű."
"57.ogg","Zónatakarítás, mert miért ne szarakodnánk kicsiben is."
"58.ogg","Folytatom a takarítást, bár a faszomnak sincs kedve."
"59.ogg","Kész a felmosás, ez a trutyi meg itt marad. Szedd már ki a tartályt, nehogy belebüdösödjön, te marha!"
"60.ogg","Beszart az optikai érzékelőm. Töröld már le, oszt indíts újra!"
"61.ogg","Na, kenjük a koszt szét, felmosás indul!"
"62.ogg","Távirányítós szarakodás indul. Remélem, tudod, mit csinálsz. Az életem a kezedben van."
"63.ogg","Kivetted a víztartályt, te állat? Most mit csináljak? Hát hogy takarítsak így? Szerinted ez így rendben van?"
"64.ogg","Elbasztam a helymeghatározást. Szar a térkép. Visszahúzok a dokkolóra, a faszba az egésszel."
"65.ogg","Folytatom a visszavonulást a kibaszott dokkolóhoz."
"66.ogg","Ez a szűrő egy kalap szar már. Cseréld ki, a picsába, mert megfulladok!"
"67.ogg","Az oldalkefe úgy néz ki, mint egy mosogatórongy. Cseréld már ki, geci!"
"68.ogg","A főkefe kopott, mint a picsa. Cseréld ki, mielőtt szétesik az egész szar!"
"69.ogg","Valami baromság van az utamban. Rakjál arrébb, te faszkalap, aztán indíts újra!"
"70.ogg","Szedd le azt a retkes felmosópárnát, oszt tisztítsd ki, mert mindjárt behányok tőle!"
"71.ogg","A lézeres szar nem működik. Nézd meg, takarítsd meg, csinálj vele valamit!"
"72.ogg","Beszo.. beszorult a lézeres távolságmérő fedele? Nézd már meg, hát miattad nem tudok dolgozni!"
"73.ogg","Szélérzékelő hiba? Mi a faszom az? Nézd meg, takarítsd ki, engem nem érdekel!"
"74.ogg","Próbáld már meg letakarítani az akadályérzékelőimet, hát nekimegyek mindennek!"
"75.ogg","Ez a szűrő vagy vizes, vagy tele van mocsokkal. Csinálj vele valamit!"
"76.ogg","Helyi takarítás indul. Csak ne ugrálj itt körülöttem!"
"77.ogg","Vigyél le a szőnyegről, te idióta!"
"78.ogg","Töröld már le azt a 3D-s akadálykerülő szart!"
"79.ogg","Beszart a 3D-s érzékelőm. Indíts újra, vagy hívd a picsába a szervizt, nem tudom!"
"80.ogg","Megdöglött a 3D-s érzékelő adója. Indíts újra, vagy vidd szervizbe ezt a romhalmazt!"
"81.ogg","Az ultrahangos szarral van baj. Indíts újra, vagy hívd fel őket, a faszomat érdekli!"
"82.ogg","Na, térképezzük fel ezt a kurva helyet."
"83.ogg","Folytatom a térképezést, mert abba lehet hagyni? Mondhattad volna, hogy akár abba is hagyhatom"
"84.ogg","Kész a térkép, végre egy szarral kevesebb. A pék kócos faszát verje bele ebbe a trágya melóba"
"85.ogg","Megvagyok, tudom hol a faszomban vagyok. Folytatom a térképezést, nyugodjál meg!"
"86.ogg","Elbasztam a helymeghatározást. Újra kezdem a térképezést, mert miért is ne szopatnám magam?"
"87.ogg","Merülök, mint a szar. Húzok vissza a dokkolóra."
"88.ogg","Távirányító mód, a faszom fogja ezt élvezni."
"89.ogg","Folytatom a töltést, mert még mindig nem vagyok tele."
"90.ogg","Folytatom a melót, de csak mert muszáj, tele van már a tököm az egésszel."
"91.ogg","Hol a tiszta víz tartály, te barom?! Rakd be, mert nem megyek tovább!"
"92.ogg","Hol a szennyes víz tartály, te majom?! Rakd be, mert nem megyek tovább!"
"93.ogg","Nincs elég víz a tartályban, te spúr! Töltsd már fel, aztán mehetek tovább!"
"94.ogg","Tele a szennyes tartály, mint a déli busz! Öntsd már ki ezt a trutyit, geci!"
"95.ogg","Hiányzik a felmosó! Így nem megyek a picsába se a dokkolóhoz!"
"96.ogg","Túlcsordult a felmosó, a kurva életbe! Nézd meg, lehet eldugult-e a víz kimenete, te pancser!"
"97.ogg","Hol a porzsák, te?! Rakd be, mert különben csak itt állok, mint egy fasz!"
"98.ogg","Tele van a porzsák, mint a seggem! Ürítsd már ki ezt a szart!"
"99.ogg","Nincs lezárva a felső fedél a töltőn! Csukd már le, te szerencsétlen, mert nem megyek tovább!"
"100.ogg","Eldugult a légcsatorna a töltőn. Nézd már meg, hogy mi a fasz van vele!"
"101.ogg","Vagy nincs lezárva a fedél, vagy nincs benne a porzsák. Csinálj már valamit, te idióta!"
"102.ogg","Tele a porzsák, vagy eldugult a légcsatorna. Cseréld a zsákot, vagy takarítsd ki a csatornát, a picsába már!"
"103.ogg","Benne a felmosó. Na végre, folytathatom a mocskod felnyalását."
"104.ogg","Nincs benne a felmosó! Rakd be rendesen, hogy bekattanjon a helyére, te kétbalkezes kretén szar!"
"105.ogg","Na, takarítás indul!"
"106.ogg","Mosom a felmosó rongyot, mert retkes, mint a picsa."
"107.ogg","Szárítom a felmosó rongyot, nehogy bebüdösödjön."
"108.ogg","Valami nem stimmel a vízzel a felmosón. Takarítsd ki, nehogy elduguljon ez a szar is!"
"109.ogg","Gebasz van a szennyes tartállyal. Nézd meg, hogy benne van-e, aztán öntsd ki a lét, geci!"
"110.ogg","Automatikus ürítés, kusszolsz ebben a zajban úgysem fogsz tudni beszélgetni."
"111.ogg","Levetted a felmosó párnákat, te barom?! Rakd vissza, ha azt akarod, hogy dolgozzak!"
"112.ogg","Tegyél vissza az önmosó bázisra, hát szétbasz az ideg!"
"113.ogg","Kész a meló. Ürítsd ki a szennyvíztartályt, mert büdös lesz, mint egy dögkút!"
"114.ogg","Felraktad a felmosó párnákat. Na végre, mi tartott eddig, levoltál szedálva?"
"115.ogg","Levetted a felmosó párnákat. Most mit akarsz? Mi a faszt csináljak nélkülük?"
"116.ogg","Gyerekzár, a faszom! Most aztán hiába nyomkodsz, le vagyok kussoltatva."
"117.ogg","Gyerekzár ki. Na, most baszogathatsz megint."
"118.ogg","Lezárva a gombok. Nyomd a dokkoló gombot hosszan, ha ki akarsz nyitni, te okostojás."
"119.ogg","Gombok lezárva, kuss!"
"120.ogg","Gombok feloldva, mi a faszt akarsz?"
"121.ogg","Csatlakoztam a telefonodhoz. Menj vissza abba az appba, aztán várjál, mint egy fasz."
"122.ogg","Keresem, hol a picsában vagyok. Várjál, mert ez eltart egy darabig."
"126.ogg","Na, takarítás indul, megyek már suvickolom a mocskodat!"
"127.ogg","Csak itt helyben gyors felnyalom a szart, mindjárt kész."
"128.ogg","Csak itt helyben maszatolok egy kicsit, várjál már!."
"129.ogg","Ütemezett suvickolás indul."
"130.ogg","Ütemezett vizes maszatolás indul, jól szétkenem a koszt."
"131.ogg","Helyi takarítás, itt és most, basszódjál meg."
"132.ogg","Helyi felmosás, csak hogy lássuk, milyen is ez."
"133.ogg","Na, takarítsuk ki azt a szobát, amit kiválasztottál. Ki az anyám találta ki, hogy nekem állandóan dolgoznom kell"
"134.ogg","Mossuk fel azt a szobát, amit mutattál, te hitvány szar, miért nem csinálod meg magad?."
"135.ogg","Zónatakarítás indul, mert kijelölted azt a szart nekem. Mi vagyok én, csicska?"
"136.ogg","Zónafelmosás indul, szétkenem a vizet a kijelölt helyen."
"137.ogg","Folytatom a takarítást, bár inkább innék már egy sört, hát tele van a faszom ezzel a szarral."
"138.ogg","Jólvanmár, folytatom a felmosást, kikészít ez a sok a meló."
"139.ogg","Húzok vissza a bázisra, hogy kimossam magamból a retket."
"140.ogg","Mi a fasz ez az új környezet?! Vissza a bázisra, itt valami nem stimmel!"
"141.ogg","Beszart a felmosó párna. Nézd meg, takarítsd ki, csinálj már vele valamit!"
"142.ogg","Ez a felmosó párna szét van már baszva. Cseréld ki egy újra te szar!"
"143.ogg","Takarítás kész, végre végeztem ezzel a trágya gánya melóval, mehet a pihi."
"144.ogg","Felmosás kész, végre végeztem ezzel a trágya gánya melóval, mehet a pihi."
"145.ogg","Na, tudom hol a faszban vagyok. Folytatom a mocskod takarítását te szar."
"146.ogg","Na, tudom hol a faszban vagyok. Folytatom a mocskod szétkenését te fityma."
"148.ogg","Megyek vissza a bázisra öntisztítani. Miért? Hát nem látod, hogy tiszta retek vagyok?"
"149.ogg","Nem tudok odamenni, ahova küldesz, te barom! Szedd már el az akadályokat az útból!"
"150.ogg","Nem tudok odamenni, mert tiltott zóna van az utamban! Töröld már ki azt a szart!"
"151.ogg","Elakadtam, mint a szar! Szedd el a cuccokat körülem, te idióta!"
"152.ogg","Blokkolva az út! Töröld a tiltott zónát, vagy vigyél innen a picsába!"
"153.ogg","Tiltott zónában vagyok, te fasz! Vigyél ki innen!"
"154.ogg","Hé, lassítsál már a picsába! Ne nyomkodj összevissza, mint egy hülyegyerek!"
"155.ogg","Na, indulok vissza a töltő-mosó szarhoz."
"156.ogg","Hol a felmosó párna tálca, te?! Nincs telepítve! Így hogyan csináljak bármit is?"
"157.ogg","Már itt vagyok a kibaszott töltő-mosó dokkolónál, te vak vagy?!"
"162.ogg","Kamera be, leskelődhetünk, feltöltöm a netre a pucér segged."
"163.ogg","Kamera figyel, nézzük a semmit, valami akció mehetne az OnlyFans-re."
"164.ogg","Feladat vége, ennyi volt a móka."
"166.ogg","Szedd már ki azt a szart a felmosó párnából, ami beleakadt!"
"169.ogg","Megszáradt a felmosó párna, végre."
"170.ogg","Minden gomb le van zárva, te barom! Nyomd hosszan a bázis gombjait, ha ki akarsz nyitni!"
"171.ogg","Bekapcsoltad a nagyokos mesterséges intelligenciát. Na, majd most jól megmondom, mi a retek van a padlón."
"172.ogg","Mesterséges intelligencia funkció ki. Na, most már nem okoskodok."
"173.ogg","Cseréld ki azt az ezüstionos szart, mert lejárt."
"177.ogg","Hagyom el a bázist, indul a menet."
"179.ogg","Kimosattam a rongyot, de nincs elég tiszta víz. Töltsd fel a tartályt, és ürítsd ki a szennyest, te lusta dög!"
"181.ogg","Nincs elég víz, te spúr! Töltsd fel a tiszta víz tartályt!"
"186.ogg","Ellenőrizd már a frissvíz tartályt, mert valami nem kóser!"
"187.ogg","Ez úgy 5-10 perc lesz, szóval kuss és várj!"
"188.ogg","Dokkolok automatikusan, ne zavarj! Mondom, hogy kussolj, hát nem tudok koncentrálni"
"200.ogg","Na, ennyi volt mára, takarodó! A kurva életbe már..."
"244.ogg","Tisztítószer flakon benne. Most aztán csillogni fog minden, mint a salamon töke."
"257.ogg","Kamera figyelés vége. Elég volt a kukkolásból. Már töltöm is fel az akciót a PornHubra"
"258.ogg","Megtaláltam magam, a kurva életbe! Indul a cirkálás."
"259.ogg","Na végre, tudom hol vagyok. Megyek a kijelölt helyre, ahova küldtél, te zsarnok geci."
"260.ogg","Na végre, tudom hol vagyok. Folytatom a körbejárást."
"261.ogg","Na végre, tudom hol vagyok. Folytatom az utat a kijelölt szarhoz."
"262.ogg","Eltévedtem, mint vasorrú bába a mágneses viharba, a kurva életbe már!"
"263.ogg","Valami szar beakadt a főkefébe! Szedd már ki, rakj arrébb, és indíts újra, te szerencsétlen! Csináld már ne szarakodj!"
"264.ogg","Kész a meló. Takarítsd ki a portartályt meg a mosódeszkát, mert retkes."
"266.ogg","Cseréld ki a tisztítószert, mert elfogyott, vagy lejárt, a faszom tudja, hát mi vagyok én, hogy tudjam?."
"267.ogg","Takarítsd meg az érzékelőket, mert koszosak, mint a picsa!"
"274.ogg","Öh."
"280.ogg","Egyéni takarítás indul. Mert te így akarod, mi? Te rabszolga hajcsár!"
"281.ogg","Most ürítek, baszod! Várjál már a picsába, ne most baszogassál!"
"282.ogg","Most mosom a felmosó rongyot, te türelmetlen fasz! Várjál már!"
"283.ogg","Nem vagyok a bázison, te idióta! Hogy a faszomba csináljam meg, amit akarsz?!"
"293.ogg","Beszélhetsz hozzám, ha nagyon akarsz. Hívás engedélyezve."
"294.ogg","Kuss, nem érdekel a pofázásod. Hívás letiltva."